Die häufigsten Seiten,Klicks,Impressionen,CTR,Position
https://www.schalomisrael.de/,11,135,8.15%,35.77
https://www.schalomisrael.de/impressum/,3,57,5.26%,9
https://www.schalomisrael.de/zweite-chance/,3,13,23.08%,5.62
https://www.schalomisrael.de/gott-zweifel/,3,10,30%,5.7
https://www.schalomisrael.de/rebekka-isaak-segen/,2,69,2.9%,10.99
https://www.schalomisrael.de/bestaendigkeit/,1,8,12.5%,7.62
https://www.schalomisrael.de/der-wendepunkt/,1,5,20%,5.8
https://www.schalomisrael.de/category/wochenlesung/,1,2,50%,6.5
https://www.schalomisrael.de/glaube-und-irrtum/,0,30,0%,7.67
https://www.schalomisrael.de/auge-um-auge/,0,23,0%,75.96
https://www.schalomisrael.de/datenschutzerklaerung/,0,22,0%,12.23
https://www.schalomisrael.de/blog/,0,5,0%,3
https://schalomisrael.de/sample-page/,0,3,0%,3.67
https://schalomisrael.de/2025/02/03/hello-world/,0,3,0%,8
https://www.schalomisrael.de/vor-dem-blinden/,0,1,0%,2
https://www.schalomisrael.de/gelaender-auf-dem-dach/,0,1,0%,4
https://www.schalomisrael.de/category/wochenlesung/1-11-wajigasch/,0,1,0%,7
https://www.schalomisrael.de/en/schalom-israel-english/,0,1,0%,8