Häufigste Suchanfragen,Klicks,Impressionen,CTR,Position
schalom,0,41,0%,76.17
shalom israel,0,12,0%,39.33
schalom israel,0,7,0%,5.14
shalom deutsch,0,3,0%,56
shalom übersetzung,0,3,0%,84.33
shalom bedeutung bibel,0,3,0%,87
auge um auge zahn bibel,0,2,0%,61
shalom auf deutsch,0,2,0%,77.5
von auge zu auge bedeutung,0,2,0%,78.5
isaak und esau,0,1,0%,34
was bedeutet schalom,0,1,0%,45
auge um auge bibel zitat,0,1,0%,49
übersetzung shalom,0,1,0%,58
isaak und rebekka,0,1,0%,60
auge um auge bedeutung,0,1,0%,73
auge um auge zahn um zahn bedeutung,0,1,0%,74
wer ist gegen auge um auge in der bibel,0,1,0%,75
zahn um zahn auge um auge bibel,0,1,0%,78
bibel auge um auge,0,1,0%,82
auge um auge zahn um zahn bibel erklärung,0,1,0%,84
"auge um auge, zahn um zahn ursprung",0,1,0%,87
"auge um auge, zahn um zahn bibel bedeutung",0,1,0%,90
"auge um auge, zahn um zahn geschichte",0,1,0%,90
"auge um auge, zahn um zahn bibel erklärung",0,1,0%,91
altes testament auge um auge,0,1,0%,92
bibelstelle auge um auge,0,1,0%,95
die bibel zahn um zahn auge um auge,0,1,0%,97
auge um auge bibelstelle,0,1,0%,99
auge um auge zahn um zahn geschichte,0,1,0%,99
was heißt auge um auge zahn um zahn,0,1,0%,100